{"cameraMode":{"drawMode":0,"name":"Shaded","section":"Shading Mode"},"sceneLighting":true,"audioPlay":false,"sceneViewState":{"m_AlwaysRefresh":false,"showFog":true,"showSkybox":true,"showFlares":true,"showImageEffects":true,"showParticleSystems":true,"showVisualEffectGraphs":true,"m_FxEnabled":true},"in2DMode":false,"pivot":{"x":-178.35353088378907,"y":349.6288146972656,"z":1515.514404296875},"rotation":{"x":-0.021413762122392656,"y":-0.13127081096172334,"z":0.002894760575145483,"w":-0.9911381006240845},"size":6.848790645599365,"orthographic":false}