{"cameraMode":{"drawMode":0,"name":"Shaded","section":"Shading Mode"},"sceneLighting":true,"audioPlay":false,"sceneViewState":{"m_AlwaysRefresh":false,"showFog":true,"showSkybox":true,"showFlares":true,"showImageEffects":true,"showParticleSystems":true,"showVisualEffectGraphs":true,"m_FxEnabled":true},"in2DMode":false,"pivot":{"x":-178.44544982910157,"y":348.4862060546875,"z":1515.488037109375},"rotation":{"x":-0.021413762122392656,"y":-0.13127081096172334,"z":0.002894760575145483,"w":-0.9911381006240845},"size":5.971286296844482,"orthographic":false}