{"cameraMode":{"drawMode":0,"name":"Shaded","section":"Shading Mode"},"sceneLighting":false,"audioPlay":false,"sceneViewState":{"m_AlwaysRefresh":false,"showFog":true,"showSkybox":false,"showFlares":true,"showImageEffects":true,"showParticleSystems":true,"showVisualEffectGraphs":true,"m_FxEnabled":true},"in2DMode":false,"pivot":{"x":4.4459638595581059,"y":3.2139196395874025,"z":-2.934703826904297},"rotation":{"x":0.35711926221847536,"y":-0.003906614612787962,"z":0.0014955935766920448,"w":0.9340698719024658},"size":6.118964195251465,"orthographic":false}